"date","price","volume","type","year","region"
"1/4/15",1,435.021,"conventional",2015,"Atlanta"
"1/11/15",1.11,397.543,"conventional",2015,"Atlanta"
"1/18/15",1.11,431.491,"conventional",2015,"Atlanta"
"1/25/15",1.1,449.333,"conventional",2015,"Atlanta"
"2/1/15",0.96,636.771,"conventional",2015,"Atlanta"
"2/8/15",1.03,433.884,"conventional",2015,"Atlanta"
"2/15/15",1.06,427.391,"conventional",2015,"Atlanta"
"2/22/15",1.1,431.309,"conventional",2015,"Atlanta"
"3/1/15",0.99,512.532,"conventional",2015,"Atlanta"
"3/8/15",1.1,420.826,"conventional",2015,"Atlanta"
"3/15/15",1.12,399.566,"conventional",2015,"Atlanta"
"3/22/15",1,479.591,"conventional",2015,"Atlanta"
"3/29/15",1.11,365.722,"conventional",2015,"Atlanta"
"4/5/15",1.04,383.139,"conventional",2015,"Atlanta"
"4/12/15",0.99,451.102,"conventional",2015,"Atlanta"
"4/19/15",1.12,430.966,"conventional",2015,"Atlanta"
"4/26/15",1.12,448.597,"conventional",2015,"Atlanta"
"5/3/15",1,634.213,"conventional",2015,"Atlanta"
"5/10/15",1.1,480.071,"conventional",2015,"Atlanta"
"5/17/15",1.11,451.251,"conventional",2015,"Atlanta"
"5/24/15",0.96,623.212,"conventional",2015,"Atlanta"
"5/31/15",1.1,454.702,"conventional",2015,"Atlanta"
"6/7/15",0.99,551.009,"conventional",2015,"Atlanta"
"6/14/15",1.1,465.805,"conventional",2015,"Atlanta"
"6/21/15",0.99,554.764,"conventional",2015,"Atlanta"
"6/28/15",1.13,435.211,"conventional",2015,"Atlanta"
"7/5/15",1.01,562.462,"conventional",2015,"Atlanta"
"7/12/15",1.14,407.205,"conventional",2015,"Atlanta"
"7/19/15",0.97,557.213,"conventional",2015,"Atlanta"
"7/26/15",1.08,437.378,"conventional",2015,"Atlanta"
"8/2/15",1.15,405.898,"conventional",2015,"Atlanta"
"8/9/15",1.01,503.792,"conventional",2015,"Atlanta"
"8/16/15",1.09,465.214,"conventional",2015,"Atlanta"
"8/23/15",1.12,379.054,"conventional",2015,"Atlanta"
"8/30/15",1.15,382.973,"conventional",2015,"Atlanta"
"9/6/15",0.97,472.137,"conventional",2015,"Atlanta"
"9/13/15",1.07,417.232,"conventional",2015,"Atlanta"
"9/20/15",0.93,516.433,"conventional",2015,"Atlanta"
"9/27/15",1.07,370.321,"conventional",2015,"Atlanta"
"10/4/15",0.96,418.682,"conventional",2015,"Atlanta"
"10/11/15",0.95,433.874,"conventional",2015,"Atlanta"
"10/18/15",1.09,349.072,"conventional",2015,"Atlanta"
"10/25/15",1.09,358.478,"conventional",2015,"Atlanta"
"11/1/15",0.99,419.089,"conventional",2015,"Atlanta"
"11/8/15",1.12,334.042,"conventional",2015,"Atlanta"
"11/15/15",1.13,339.861,"conventional",2015,"Atlanta"
"11/22/15",1,356.415,"conventional",2015,"Atlanta"
"11/29/15",0.99,333.281,"conventional",2015,"Atlanta"
"12/6/15",1.07,357.637,"conventional",2015,"Atlanta"
"12/13/15",0.96,417.772,"conventional",2015,"Atlanta"
"12/20/15",1.08,331.378,"conventional",2015,"Atlanta"
"12/27/15",0.99,386.1,"conventional",2015,"Atlanta"
"1/3/16",1.05,449.263,"conventional",2016,"Atlanta"
"1/10/16",0.93,558.349,"conventional",2016,"Atlanta"
"1/17/16",1.04,445.09,"conventional",2016,"Atlanta"
"1/24/16",0.92,528.777,"conventional",2016,"Atlanta"
"1/31/16",1.04,437.491,"conventional",2016,"Atlanta"
"2/7/16",0.76,722.211,"conventional",2016,"Atlanta"
"2/14/16",0.97,481.484,"conventional",2016,"Atlanta"
"2/21/16",1.04,417.206,"conventional",2016,"Atlanta"
"2/28/16",0.9,555.471,"conventional",2016,"Atlanta"
"3/6/16",1.03,458.837,"conventional",2016,"Atlanta"
"3/13/16",0.9,588.657,"conventional",2016,"Atlanta"
"3/20/16",0.98,496.191,"conventional",2016,"Atlanta"
"3/27/16",0.98,458.635,"conventional",2016,"Atlanta"
"4/3/16",1.03,423.486,"conventional",2016,"Atlanta"
"4/10/16",0.83,590.002,"conventional",2016,"Atlanta"
"4/17/16",0.89,512.348,"conventional",2016,"Atlanta"
"4/24/16",0.79,654.019,"conventional",2016,"Atlanta"
"5/1/16",0.77,735.635,"conventional",2016,"Atlanta"
"5/8/16",0.81,643.7,"conventional",2016,"Atlanta"
"5/15/16",0.68,755.307,"conventional",2016,"Atlanta"
"5/22/16",0.79,585.352,"conventional",2016,"Atlanta"
"5/29/16",0.78,691.344,"conventional",2016,"Atlanta"
"6/5/16",0.75,691.201,"conventional",2016,"Atlanta"
"6/12/16",0.78,608.386,"conventional",2016,"Atlanta"
"6/19/16",0.78,692.767,"conventional",2016,"Atlanta"
"6/26/16",0.85,606.857,"conventional",2016,"Atlanta"
"7/3/16",0.77,789.398,"conventional",2016,"Atlanta"
"7/10/16",0.92,560.865,"conventional",2016,"Atlanta"
"7/17/16",1.01,474.064,"conventional",2016,"Atlanta"
"7/24/16",1,495.687,"conventional",2016,"Atlanta"
"7/31/16",0.98,537.633,"conventional",2016,"Atlanta"
"8/7/16",1.04,508.354,"conventional",2016,"Atlanta"
"8/14/16",0.87,666.493,"conventional",2016,"Atlanta"
"8/21/16",0.94,549.139,"conventional",2016,"Atlanta"
"8/28/16",0.95,539.643,"conventional",2016,"Atlanta"
"9/4/16",0.89,614.657,"conventional",2016,"Atlanta"
"9/11/16",0.9,597.759,"conventional",2016,"Atlanta"
"9/18/16",1.01,527.701,"conventional",2016,"Atlanta"
"9/25/16",1.26,435.757,"conventional",2016,"Atlanta"
"10/2/16",1.26,440.044,"conventional",2016,"Atlanta"
"10/9/16",1.23,452.109,"conventional",2016,"Atlanta"
"10/16/16",1.16,459.565,"conventional",2016,"Atlanta"
"10/23/16",1.23,422.281,"conventional",2016,"Atlanta"
"10/30/16",1.26,408.315,"conventional",2016,"Atlanta"
"11/6/16",1.29,393.826,"conventional",2016,"Atlanta"
"11/13/16",1.25,408.261,"conventional",2016,"Atlanta"
"11/20/16",1.14,448.936,"conventional",2016,"Atlanta"
"11/27/16",1.22,372.144,"conventional",2016,"Atlanta"
"12/4/16",1.03,475.815,"conventional",2016,"Atlanta"
"12/11/16",1.06,422.027,"conventional",2016,"Atlanta"
"12/18/16",0.94,463.483,"conventional",2016,"Atlanta"
"12/25/16",0.91,502.787,"conventional",2016,"Atlanta"
"1/1/17",0.93,547.566,"conventional",2017,"Atlanta"
"1/8/17",0.98,601.546,"conventional",2017,"Atlanta"
"1/15/17",0.99,557.378,"conventional",2017,"Atlanta"
"1/22/17",0.84,755.472,"conventional",2017,"Atlanta"
"1/29/17",0.95,627.696,"conventional",2017,"Atlanta"
"2/5/17",0.83,888.095,"conventional",2017,"Atlanta"
"2/12/17",0.79,666.871,"conventional",2017,"Atlanta"
"2/19/17",0.86,563.019,"conventional",2017,"Atlanta"
"2/26/17",0.85,631.508,"conventional",2017,"Atlanta"
"3/5/17",1.08,511.363,"conventional",2017,"Atlanta"
"3/12/17",1.21,469.278,"conventional",2017,"Atlanta"
"3/19/17",1.25,460.991,"conventional",2017,"Atlanta"
"3/26/17",1.32,443.515,"conventional",2017,"Atlanta"
"4/2/17",1.26,481.934,"conventional",2017,"Atlanta"
"4/9/17",1.23,465.35,"conventional",2017,"Atlanta"
"4/16/17",1.15,543.228,"conventional",2017,"Atlanta"
"4/23/17",1.21,530.031,"conventional",2017,"Atlanta"
"4/30/17",1.17,595.54,"conventional",2017,"Atlanta"
"5/7/17",1.1,726.727,"conventional",2017,"Atlanta"
"5/14/17",1.18,568.924,"conventional",2017,"Atlanta"
"5/21/17",1.2,526.84,"conventional",2017,"Atlanta"
"5/28/17",1.23,523.994,"conventional",2017,"Atlanta"
"6/4/17",1.08,710.039,"conventional",2017,"Atlanta"
"6/11/17",1.13,572.839,"conventional",2017,"Atlanta"
"6/18/17",1.2,492.836,"conventional",2017,"Atlanta"
"6/25/17",1.12,501.274,"conventional",2017,"Atlanta"
"7/2/17",1.16,528.298,"conventional",2017,"Atlanta"
"7/9/17",1.19,507.338,"conventional",2017,"Atlanta"
"7/16/17",1.2,582.069,"conventional",2017,"Atlanta"
"7/23/17",1.24,518.683,"conventional",2017,"Atlanta"
"7/30/17",1.34,472.013,"conventional",2017,"Atlanta"
"8/6/17",1.36,518.14,"conventional",2017,"Atlanta"
"8/13/17",1.37,534.059,"conventional",2017,"Atlanta"
"8/20/17",1.43,475.922,"conventional",2017,"Atlanta"
"8/27/17",1.49,458.036,"conventional",2017,"Atlanta"
"9/3/17",1.53,433.455,"conventional",2017,"Atlanta"
"9/10/17",1.54,466.989,"conventional",2017,"Atlanta"
"9/17/17",1.59,392.935,"conventional",2017,"Atlanta"
"9/24/17",1.5,403.78,"conventional",2017,"Atlanta"
"10/1/17",1.55,421.235,"conventional",2017,"Atlanta"
"10/8/17",1.6,411.52,"conventional",2017,"Atlanta"
"10/15/17",1.64,406.111,"conventional",2017,"Atlanta"
"10/22/17",1.49,406.009,"conventional",2017,"Atlanta"
"10/29/17",1.28,493.921,"conventional",2017,"Atlanta"
"11/5/17",1.08,567.573,"conventional",2017,"Atlanta"
"11/12/17",1.11,518.209,"conventional",2017,"Atlanta"
"11/19/17",1.13,453.755,"conventional",2017,"Atlanta"
"11/26/17",1.12,412.213,"conventional",2017,"Atlanta"
"12/3/17",1.07,504.933,"conventional",2017,"Atlanta"
"12/10/17",0.99,543.619,"conventional",2017,"Atlanta"
"12/17/17",1,484.327,"conventional",2017,"Atlanta"
"12/24/17",1.11,444.782,"conventional",2017,"Atlanta"
"12/31/17",0.95,649.353,"conventional",2017,"Atlanta"
"1/7/18",0.98,713.916,"conventional",2018,"Atlanta"
"1/14/18",1.1,670.766,"conventional",2018,"Atlanta"
"1/21/18",1.1,639.421,"conventional",2018,"Atlanta"
"1/28/18",1.08,559.46,"conventional",2018,"Atlanta"
"2/4/18",0.86,957.792,"conventional",2018,"Atlanta"
"2/11/18",0.87,723.928,"conventional",2018,"Atlanta"
"2/18/18",1.04,538.448,"conventional",2018,"Atlanta"
"2/25/18",1.06,586.24,"conventional",2018,"Atlanta"
"3/4/18",1.08,594.552,"conventional",2018,"Atlanta"
"3/11/18",0.96,695.821,"conventional",2018,"Atlanta"
"3/18/18",0.95,730.45,"conventional",2018,"Atlanta"
"3/25/18",1.04,624.645,"conventional",2018,"Atlanta"
"1/4/15",1.76,3.847,"organic",2015,"Atlanta"
"1/11/15",1.84,3.744,"organic",2015,"Atlanta"
"1/18/15",1.86,4.294,"organic",2015,"Atlanta"
"1/25/15",1.87,3.047,"organic",2015,"Atlanta"
"2/1/15",1.44,7.666,"organic",2015,"Atlanta"
"2/8/15",1.29,13.288,"organic",2015,"Atlanta"
"2/15/15",1.46,7.783,"organic",2015,"Atlanta"
"2/22/15",1.38,10.97,"organic",2015,"Atlanta"
"3/1/15",1.22,16.228,"organic",2015,"Atlanta"
"3/8/15",1.22,16.027,"organic",2015,"Atlanta"
"3/15/15",1.19,13.986,"organic",2015,"Atlanta"
"3/22/15",1.62,6.484,"organic",2015,"Atlanta"
"3/29/15",1.88,5.077,"organic",2015,"Atlanta"
"4/5/15",1.74,5.559,"organic",2015,"Atlanta"
"4/12/15",1.79,6.687,"organic",2015,"Atlanta"
"4/19/15",1.63,6.705,"organic",2015,"Atlanta"
"4/26/15",2.01,4.447,"organic",2015,"Atlanta"
"5/3/15",2.03,3.976,"organic",2015,"Atlanta"
"5/10/15",1.82,5.068,"organic",2015,"Atlanta"
"5/17/15",1.78,5.158,"organic",2015,"Atlanta"
"5/24/15",1.74,5.464,"organic",2015,"Atlanta"
"5/31/15",1.84,4.803,"organic",2015,"Atlanta"
"6/7/15",1.74,4.096,"organic",2015,"Atlanta"
"6/14/15",1.85,4.485,"organic",2015,"Atlanta"
"6/21/15",1.83,5.003,"organic",2015,"Atlanta"
"6/28/15",1.39,6.314,"organic",2015,"Atlanta"
"7/5/15",1.5,5.744,"organic",2015,"Atlanta"
"7/12/15",1.6,5.946,"organic",2015,"Atlanta"
"7/19/15",1.29,7.642,"organic",2015,"Atlanta"
"7/26/15",1.56,7.888,"organic",2015,"Atlanta"
"8/2/15",1.8,5.793,"organic",2015,"Atlanta"
"8/9/15",2.01,5.579,"organic",2015,"Atlanta"
"8/16/15",1.83,6.627,"organic",2015,"Atlanta"
"8/23/15",1.52,10.342,"organic",2015,"Atlanta"
"8/30/15",1.53,9.298,"organic",2015,"Atlanta"
"9/6/15",1.98,6.736,"organic",2015,"Atlanta"
"9/13/15",2,5.892,"organic",2015,"Atlanta"
"9/20/15",2.04,5.705,"organic",2015,"Atlanta"
"9/27/15",2.01,5.393,"organic",2015,"Atlanta"
"10/4/15",1.79,7.423,"organic",2015,"Atlanta"
"10/11/15",1.75,7.28,"organic",2015,"Atlanta"
"10/18/15",1.94,5.658,"organic",2015,"Atlanta"
"10/25/15",1.87,5.477,"organic",2015,"Atlanta"
"11/1/15",1.79,5.445,"organic",2015,"Atlanta"
"11/8/15",1.74,5.318,"organic",2015,"Atlanta"
"11/15/15",1.85,3.888,"organic",2015,"Atlanta"
"11/22/15",1.88,4.016,"organic",2015,"Atlanta"
"11/29/15",1.37,5.206,"organic",2015,"Atlanta"
"12/6/15",1.48,4.4,"organic",2015,"Atlanta"
"12/13/15",1.78,3.611,"organic",2015,"Atlanta"
"12/20/15",1.89,3.974,"organic",2015,"Atlanta"
"12/27/15",1.84,3.195,"organic",2015,"Atlanta"
"1/3/16",1.48,7.953,"organic",2016,"Atlanta"
"1/10/16",1.66,5.614,"organic",2016,"Atlanta"
"1/17/16",1.84,5.227,"organic",2016,"Atlanta"
"1/24/16",1.65,6.194,"organic",2016,"Atlanta"
"1/31/16",1.71,6.592,"organic",2016,"Atlanta"
"2/7/16",1.72,5.421,"organic",2016,"Atlanta"
"2/14/16",1.59,5.737,"organic",2016,"Atlanta"
"2/21/16",1.74,5.258,"organic",2016,"Atlanta"
"2/28/16",1.78,5.07,"organic",2016,"Atlanta"
"3/6/16",1.66,6.619,"organic",2016,"Atlanta"
"3/13/16",1.52,6.968,"organic",2016,"Atlanta"
"3/20/16",1.44,7.436,"organic",2016,"Atlanta"
"3/27/16",1.48,8.927,"organic",2016,"Atlanta"
"4/3/16",1.51,9.284,"organic",2016,"Atlanta"
"4/10/16",1.5,7.131,"organic",2016,"Atlanta"
"4/17/16",1.36,8.352,"organic",2016,"Atlanta"
"4/24/16",1.38,9.859,"organic",2016,"Atlanta"
"5/1/16",1.25,11.05,"organic",2016,"Atlanta"
"5/8/16",1.42,9.663,"organic",2016,"Atlanta"
"5/15/16",1.29,10.861,"organic",2016,"Atlanta"
"5/22/16",1.27,11.405,"organic",2016,"Atlanta"
"5/29/16",1.35,8.849,"organic",2016,"Atlanta"
"6/5/16",1.04,12.827,"organic",2016,"Atlanta"
"6/12/16",0.97,16.463,"organic",2016,"Atlanta"
"6/19/16",0.81,16.578,"organic",2016,"Atlanta"
"6/26/16",0.92,16.159,"organic",2016,"Atlanta"
"7/3/16",0.85,20.324,"organic",2016,"Atlanta"
"7/10/16",1.13,17.311,"organic",2016,"Atlanta"
"7/17/16",1.21,16.805,"organic",2016,"Atlanta"
"7/24/16",1.91,11.62,"organic",2016,"Atlanta"
"7/31/16",1.62,14.463,"organic",2016,"Atlanta"
"8/7/16",1.06,24.308,"organic",2016,"Atlanta"
"8/14/16",1.58,13.049,"organic",2016,"Atlanta"
"8/21/16",1.62,12.433,"organic",2016,"Atlanta"
"8/28/16",1.14,18.482,"organic",2016,"Atlanta"
"9/4/16",1.38,15.107,"organic",2016,"Atlanta"
"9/11/16",1.43,13.017,"organic",2016,"Atlanta"
"9/18/16",1.91,8.231,"organic",2016,"Atlanta"
"9/25/16",2.02,7.915,"organic",2016,"Atlanta"
"10/2/16",2.29,7.057,"organic",2016,"Atlanta"
"10/9/16",1.07,19.265,"organic",2016,"Atlanta"
"10/16/16",1.15,17.664,"organic",2016,"Atlanta"
"10/23/16",1.25,16.791,"organic",2016,"Atlanta"
"10/30/16",2.25,7.568,"organic",2016,"Atlanta"
"11/6/16",1.64,12.411,"organic",2016,"Atlanta"
"11/13/16",1.63,11.118,"organic",2016,"Atlanta"
"11/20/16",1.56,9.756,"organic",2016,"Atlanta"
"11/27/16",1.41,7.754,"organic",2016,"Atlanta"
"12/4/16",1.22,9.99,"organic",2016,"Atlanta"
"12/11/16",1.06,13.254,"organic",2016,"Atlanta"
"12/18/16",1.19,9.421,"organic",2016,"Atlanta"
"12/25/16",1.76,5.456,"organic",2016,"Atlanta"
"1/1/17",1.81,5.343,"organic",2017,"Atlanta"
"1/8/17",1.74,8.244,"organic",2017,"Atlanta"
"1/15/17",1.62,6.291,"organic",2017,"Atlanta"
"1/22/17",1.62,7.485,"organic",2017,"Atlanta"
"1/29/17",1.53,7.331,"organic",2017,"Atlanta"
"2/5/17",1.28,9.685,"organic",2017,"Atlanta"
"2/12/17",1.07,11.073,"organic",2017,"Atlanta"
"2/19/17",1.06,11.867,"organic",2017,"Atlanta"
"2/26/17",0.64,24.323,"organic",2017,"Atlanta"
"3/5/17",0.62,32.292,"organic",2017,"Atlanta"
"3/12/17",0.9,18.563,"organic",2017,"Atlanta"
"3/19/17",1.23,11.754,"organic",2017,"Atlanta"
"3/26/17",1.27,16.209,"organic",2017,"Atlanta"
"4/2/17",1.26,16.943,"organic",2017,"Atlanta"
"4/9/17",0.91,24.439,"organic",2017,"Atlanta"
"4/16/17",1.27,16.411,"organic",2017,"Atlanta"
"4/23/17",1.63,13.269,"organic",2017,"Atlanta"
"4/30/17",1.59,15.042,"organic",2017,"Atlanta"
"5/7/17",1.37,18.23,"organic",2017,"Atlanta"
"5/14/17",1.46,15.467,"organic",2017,"Atlanta"
"5/21/17",1.38,21.858,"organic",2017,"Atlanta"
"5/28/17",1.59,19.502,"organic",2017,"Atlanta"
"6/4/17",1.44,20.445,"organic",2017,"Atlanta"
"6/11/17",1.06,33.969,"organic",2017,"Atlanta"
"6/18/17",1.49,23.486,"organic",2017,"Atlanta"
"6/25/17",1.31,30.581,"organic",2017,"Atlanta"
"7/2/17",1.53,23.108,"organic",2017,"Atlanta"
"7/9/17",1.61,22.123,"organic",2017,"Atlanta"
"7/16/17",1.89,14.396,"organic",2017,"Atlanta"
"7/23/17",1.85,17.588,"organic",2017,"Atlanta"
"7/30/17",1.78,15.501,"organic",2017,"Atlanta"
"8/6/17",1.97,13.999,"organic",2017,"Atlanta"
"8/13/17",2.14,14.534,"organic",2017,"Atlanta"
"8/20/17",2.18,17.338,"organic",2017,"Atlanta"
"8/27/17",2.59,13.91,"organic",2017,"Atlanta"
"9/3/17",2.59,17.991,"organic",2017,"Atlanta"
"9/10/17",2.59,13.956,"organic",2017,"Atlanta"
"9/17/17",2.54,17.292,"organic",2017,"Atlanta"
"9/24/17",2.56,18.912,"organic",2017,"Atlanta"
"10/1/17",2.75,13.558,"organic",2017,"Atlanta"
"10/8/17",2.55,12.276,"organic",2017,"Atlanta"
"10/15/17",2.23,11.405,"organic",2017,"Atlanta"
"10/22/17",2.06,14.352,"organic",2017,"Atlanta"
"10/29/17",2.04,15.731,"organic",2017,"Atlanta"
"11/5/17",1.86,11.588,"organic",2017,"Atlanta"
"11/12/17",1.8,12.116,"organic",2017,"Atlanta"
"11/19/17",1.62,10.394,"organic",2017,"Atlanta"
"11/26/17",1.66,11.835,"organic",2017,"Atlanta"
"12/3/17",1.62,10.609,"organic",2017,"Atlanta"
"12/10/17",1.63,13.301,"organic",2017,"Atlanta"
"12/17/17",1.59,11.548,"organic",2017,"Atlanta"
"12/24/17",1.59,15.311,"organic",2017,"Atlanta"
"12/31/17",1.28,17.218,"organic",2017,"Atlanta"
"1/7/18",1.53,15.714,"organic",2018,"Atlanta"
"1/14/18",1.56,16.152,"organic",2018,"Atlanta"
"1/21/18",1.64,18.555,"organic",2018,"Atlanta"
"1/28/18",1.67,14.446,"organic",2018,"Atlanta"
"2/4/18",1.62,11.9,"organic",2018,"Atlanta"
"2/11/18",1.55,14.844,"organic",2018,"Atlanta"
"2/18/18",1.56,11.166,"organic",2018,"Atlanta"
"2/25/18",1.55,15.348,"organic",2018,"Atlanta"
"3/4/18",1.66,17.082,"organic",2018,"Atlanta"
"3/11/18",1.43,23.043,"organic",2018,"Atlanta"
"3/18/18",1.48,19.015,"organic",2018,"Atlanta"
"3/25/18",1.56,18.717,"organic",2018,"Atlanta"
"1/4/15",1.02,491.738,"conventional",2015,"Boston"
"1/11/15",1.1,437.772,"conventional",2015,"Boston"
"1/18/15",1.23,401.331,"conventional",2015,"Boston"
"1/25/15",1.17,409.344,"conventional",2015,"Boston"
"2/1/15",1.22,490.022,"conventional",2015,"Boston"
"2/8/15",1.04,609.985,"conventional",2015,"Boston"
"2/15/15",1.2,399.884,"conventional",2015,"Boston"
"2/22/15",1.23,355.432,"conventional",2015,"Boston"
"3/1/15",1.11,485.736,"conventional",2015,"Boston"
"3/8/15",1.17,408.404,"conventional",2015,"Boston"
"3/15/15",1.25,417.75,"conventional",2015,"Boston"
"3/22/15",1.18,453.173,"conventional",2015,"Boston"
"3/29/15",1.19,453.631,"conventional",2015,"Boston"
"4/5/15",1.27,449.818,"conventional",2015,"Boston"
"4/12/15",1.26,408.485,"conventional",2015,"Boston"
"4/19/15",1.15,504.62,"conventional",2015,"Boston"
"4/26/15",1.28,465.911,"conventional",2015,"Boston"
"5/3/15",1.17,552.369,"conventional",2015,"Boston"
"5/10/15",1.14,625.558,"conventional",2015,"Boston"
"5/17/15",1.26,534.489,"conventional",2015,"Boston"
"5/24/15",1.14,633.522,"conventional",2015,"Boston"
"5/31/15",1.26,565.161,"conventional",2015,"Boston"
"6/7/15",1.25,562.543,"conventional",2015,"Boston"
"6/14/15",1.08,684.346,"conventional",2015,"Boston"
"6/21/15",1.24,543.505,"conventional",2015,"Boston"
"6/28/15",1.25,560.495,"conventional",2015,"Boston"
"7/5/15",1.27,582.91,"conventional",2015,"Boston"
"7/12/15",1.14,634.516,"conventional",2015,"Boston"
"7/19/15",1.18,597.168,"conventional",2015,"Boston"
"7/26/15",1.28,500.234,"conventional",2015,"Boston"
"8/2/15",1.17,571.994,"conventional",2015,"Boston"
"8/9/15",1.07,690.517,"conventional",2015,"Boston"
"8/16/15",1.15,565.795,"conventional",2015,"Boston"
"8/23/15",1.07,589.471,"conventional",2015,"Boston"
"8/30/15",1.13,526.665,"conventional",2015,"Boston"
"9/6/15",1.11,577.775,"conventional",2015,"Boston"
"9/13/15",1.03,655.683,"conventional",2015,"Boston"
"9/20/15",1.15,498.64,"conventional",2015,"Boston"
"9/27/15",1.07,553.307,"conventional",2015,"Boston"
"10/4/15",1.07,536.479,"conventional",2015,"Boston"
"10/11/15",1.14,485.707,"conventional",2015,"Boston"
"10/18/15",0.94,725.296,"conventional",2015,"Boston"
"10/25/15",1.02,534.249,"conventional",2015,"Boston"
"11/1/15",1.06,553.097,"conventional",2015,"Boston"
"11/8/15",1.04,641.76,"conventional",2015,"Boston"
"11/15/15",1.05,513.739,"conventional",2015,"Boston"
"11/22/15",1.07,466.76,"conventional",2015,"Boston"
"11/29/15",1.19,350.56,"conventional",2015,"Boston"
"12/6/15",1.02,488.679,"conventional",2015,"Boston"
"12/13/15",1.01,549.946,"conventional",2015,"Boston"
"12/20/15",1.07,489.803,"conventional",2015,"Boston"
"12/27/15",1.13,450.816,"conventional",2015,"Boston"
"1/3/16",1.01,610.622,"conventional",2016,"Boston"
"1/10/16",1.15,536.675,"conventional",2016,"Boston"
"1/17/16",1.02,665.218,"conventional",2016,"Boston"
"1/24/16",1.05,670.377,"conventional",2016,"Boston"
"1/31/16",1.03,651.617,"conventional",2016,"Boston"
"2/7/16",1.05,678.81,"conventional",2016,"Boston"
"2/14/16",0.98,751.657,"conventional",2016,"Boston"
"2/21/16",1.14,553.709,"conventional",2016,"Boston"
"2/28/16",1.08,652.943,"conventional",2016,"Boston"
"3/6/16",1.1,600.64,"conventional",2016,"Boston"
"3/13/16",1.05,651.211,"conventional",2016,"Boston"
"3/20/16",1.1,645.235,"conventional",2016,"Boston"
"3/27/16",1.08,639.42,"conventional",2016,"Boston"
"4/3/16",1.11,559.718,"conventional",2016,"Boston"
"4/10/16",0.99,652.547,"conventional",2016,"Boston"
"4/17/16",1.08,617.18,"conventional",2016,"Boston"
"4/24/16",1.07,626.895,"conventional",2016,"Boston"
"5/1/16",1.05,716.003,"conventional",2016,"Boston"
"5/8/16",0.85,924.194,"conventional",2016,"Boston"
"5/15/16",1.06,709.563,"conventional",2016,"Boston"
"5/22/16",1.05,665.086,"conventional",2016,"Boston"
"5/29/16",1.08,673.496,"conventional",2016,"Boston"
"6/5/16",1.26,634.99,"conventional",2016,"Boston"
"6/12/16",1.29,632.856,"conventional",2016,"Boston"
"6/19/16",1.32,649.66,"conventional",2016,"Boston"
"6/26/16",1.33,626.973,"conventional",2016,"Boston"
"7/3/16",1.38,585.485,"conventional",2016,"Boston"
"7/10/16",1.32,549.815,"conventional",2016,"Boston"
"7/17/16",1.56,488.508,"conventional",2016,"Boston"
"7/24/16",1.52,509.095,"conventional",2016,"Boston"
"7/31/16",1.61,508.95,"conventional",2016,"Boston"
"8/7/16",1.48,525.387,"conventional",2016,"Boston"
"8/14/16",1.29,602.605,"conventional",2016,"Boston"
"8/21/16",1.31,586.073,"conventional",2016,"Boston"
"8/28/16",1.37,582.023,"conventional",2016,"Boston"
"9/4/16",1.41,541.671,"conventional",2016,"Boston"
"9/11/16",1.27,672.673,"conventional",2016,"Boston"
"9/18/16",1.45,489.601,"conventional",2016,"Boston"
"9/25/16",1.53,483.057,"conventional",2016,"Boston"
"10/2/16",1.59,459.164,"conventional",2016,"Boston"
"10/9/16",1.49,468.135,"conventional",2016,"Boston"
"10/16/16",1.6,453.605,"conventional",2016,"Boston"
"10/23/16",1.58,439.552,"conventional",2016,"Boston"
"10/30/16",1.67,376.501,"conventional",2016,"Boston"
"11/6/16",1.62,366.175,"conventional",2016,"Boston"
"11/13/16",1.56,397.601,"conventional",2016,"Boston"
"11/20/16",1.39,475.677,"conventional",2016,"Boston"
"11/27/16",1.45,391.257,"conventional",2016,"Boston"
"12/4/16",1.26,473.428,"conventional",2016,"Boston"
"12/11/16",1.22,510.801,"conventional",2016,"Boston"
"12/18/16",1.09,579.577,"conventional",2016,"Boston"
"12/25/16",1.28,447.601,"conventional",2016,"Boston"
"1/1/17",1.29,458.83,"conventional",2017,"Boston"
"1/8/17",1.09,730.358,"conventional",2017,"Boston"
"1/15/17",1.3,577.977,"conventional",2017,"Boston"
"1/22/17",1.26,663.735,"conventional",2017,"Boston"
"1/29/17",1.32,604.106,"conventional",2017,"Boston"
"2/5/17",1.19,772.11,"conventional",2017,"Boston"
"2/12/17",1.12,791.126,"conventional",2017,"Boston"
"2/19/17",1.31,521.125,"conventional",2017,"Boston"
"2/26/17",1.24,599.178,"conventional",2017,"Boston"
"3/5/17",1.3,620.308,"conventional",2017,"Boston"
"3/12/17",1.55,495.118,"conventional",2017,"Boston"
"3/19/17",1.54,540.54,"conventional",2017,"Boston"
"3/26/17",1.51,550.949,"conventional",2017,"Boston"
"4/2/17",1.56,571.902,"conventional",2017,"Boston"
"4/9/17",1.53,629.799,"conventional",2017,"Boston"
"4/16/17",1.61,592.05,"conventional",2017,"Boston"
"4/23/17",1.63,520.793,"conventional",2017,"Boston"
"4/30/17",1.61,603.284,"conventional",2017,"Boston"
"5/7/17",1.49,676.85,"conventional",2017,"Boston"
"5/14/17",1.62,610.348,"conventional",2017,"Boston"
"5/21/17",1.69,572.421,"conventional",2017,"Boston"
"5/28/17",1.73,602.638,"conventional",2017,"Boston"
"6/4/17",1.73,590.58,"conventional",2017,"Boston"
"6/11/17",1.72,583.709,"conventional",2017,"Boston"
"6/18/17",1.66,581.303,"conventional",2017,"Boston"
"6/25/17",1.68,545.889,"conventional",2017,"Boston"
"7/2/17",1.67,545.128,"conventional",2017,"Boston"
"7/9/17",1.69,560.022,"conventional",2017,"Boston"
"7/16/17",1.56,594.016,"conventional",2017,"Boston"
"7/23/17",1.37,686.735,"conventional",2017,"Boston"
"7/30/17",1.48,568.256,"conventional",2017,"Boston"
"8/6/17",1.55,604.759,"conventional",2017,"Boston"
"8/13/17",1.52,624.419,"conventional",2017,"Boston"
"8/20/17",1.77,474.982,"conventional",2017,"Boston"
"8/27/17",1.79,455.915,"conventional",2017,"Boston"
"9/3/17",1.81,457.862,"conventional",2017,"Boston"
"9/10/17",1.63,524.513,"conventional",2017,"Boston"
"9/17/17",1.58,462.797,"conventional",2017,"Boston"
"9/24/17",1.62,498.02,"conventional",2017,"Boston"
"10/1/17",1.62,482.272,"conventional",2017,"Boston"
"10/8/17",1.61,451.609,"conventional",2017,"Boston"
"10/15/17",1.59,418.234,"conventional",2017,"Boston"
"10/22/17",1.48,435.244,"conventional",2017,"Boston"
"10/29/17",1.49,465.106,"conventional",2017,"Boston"
"11/5/17",1.49,440.972,"conventional",2017,"Boston"
"11/12/17",1.23,639.092,"conventional",2017,"Boston"
"11/19/17",1.36,476.236,"conventional",2017,"Boston"
"11/26/17",1.39,423.778,"conventional",2017,"Boston"
"12/3/17",1.4,488.588,"conventional",2017,"Boston"
"12/10/17",1.14,687.252,"conventional",2017,"Boston"
"12/17/17",1.28,516.771,"conventional",2017,"Boston"
"12/24/17",1.45,414.148,"conventional",2017,"Boston"
"12/31/17",1.4,419.697,"conventional",2017,"Boston"
"1/7/18",1.28,685.418,"conventional",2018,"Boston"
"1/14/18",1.49,533.15,"conventional",2018,"Boston"
"1/21/18",1.12,999.783,"conventional",2018,"Boston"
"1/28/18",1.22,800.274,"conventional",2018,"Boston"
"2/4/18",1.39,725.934,"conventional",2018,"Boston"
"2/11/18",1.3,834.305,"conventional",2018,"Boston"
"2/18/18",1.51,515.023,"conventional",2018,"Boston"
"2/25/18",1.41,527.275,"conventional",2018,"Boston"
"3/4/18",1.19,785.189,"conventional",2018,"Boston"
"3/11/18",1.34,629.091,"conventional",2018,"Boston"
"3/18/18",1.38,602.177,"conventional",2018,"Boston"
"3/25/18",1.39,641.462,"conventional",2018,"Boston"
"1/4/15",1.83,2.192,"organic",2015,"Boston"
"1/11/15",1.94,2.218,"organic",2015,"Boston"
"1/18/15",2,2.209,"organic",2015,"Boston"
"1/25/15",2.01,1.948,"organic",2015,"Boston"
"2/1/15",1.78,2.944,"organic",2015,"Boston"
"2/8/15",1.91,3.098,"organic",2015,"Boston"
"2/15/15",1.91,2.272,"organic",2015,"Boston"
"2/22/15",1.74,3.326,"organic",2015,"Boston"
"3/1/15",1.85,3.024,"organic",2015,"Boston"
"3/8/15",1.91,2.567,"organic",2015,"Boston"
"3/15/15",1.99,1.966,"organic",2015,"Boston"
"3/22/15",1.94,2.763,"organic",2015,"Boston"
"3/29/15",1.98,2.122,"organic",2015,"Boston"
"4/5/15",1.91,3.203,"organic",2015,"Boston"
"4/12/15",1.86,3.619,"organic",2015,"Boston"
"4/19/15",1.94,2.696,"organic",2015,"Boston"
"4/26/15",1.86,3.518,"organic",2015,"Boston"
"5/3/15",1.82,4.123,"organic",2015,"Boston"
"5/10/15",2.02,3.429,"organic",2015,"Boston"
"5/17/15",1.91,4.367,"organic",2015,"Boston"
"5/24/15",1.94,3.508,"organic",2015,"Boston"
"5/31/15",1.94,4.236,"organic",2015,"Boston"
"6/7/15",2,3.641,"organic",2015,"Boston"
"6/14/15",2.03,2.943,"organic",2015,"Boston"
"6/21/15",2.06,2.663,"organic",2015,"Boston"
"6/28/15",2.03,3.045,"organic",2015,"Boston"
"7/5/15",2.13,3.136,"organic",2015,"Boston"
"7/12/15",2.19,2.764,"organic",2015,"Boston"
"7/19/15",2.05,3.388,"organic",2015,"Boston"
"7/26/15",2.02,3.367,"organic",2015,"Boston"
"8/2/15",2.12,3.357,"organic",2015,"Boston"
"8/9/15",2.02,2.955,"organic",2015,"Boston"
"8/16/15",2.09,2.695,"organic",2015,"Boston"
"8/23/15",2,3.08,"organic",2015,"Boston"
"8/30/15",2.03,2.634,"organic",2015,"Boston"
"9/6/15",1.97,3.344,"organic",2015,"Boston"
"9/13/15",2,3.284,"organic",2015,"Boston"
"9/20/15",2.01,2.623,"organic",2015,"Boston"
"9/27/15",2,2.023,"organic",2015,"Boston"
"10/4/15",1.28,8.186,"organic",2015,"Boston"
"10/11/15",1.26,7.699,"organic",2015,"Boston"
"10/18/15",1.26,6.986,"organic",2015,"Boston"
"10/25/15",1.27,8.471,"organic",2015,"Boston"
"11/1/15",1.3,7.166,"organic",2015,"Boston"
"11/8/15",1.22,7.508,"organic",2015,"Boston"
"11/15/15",1.15,8.779,"organic",2015,"Boston"
"11/22/15",1.27,7.668,"organic",2015,"Boston"
"11/29/15",1.28,6.87,"organic",2015,"Boston"
"12/6/15",1.29,8.286,"organic",2015,"Boston"
"12/13/15",1.55,8.564,"organic",2015,"Boston"
"12/20/15",1.41,7.939,"organic",2015,"Boston"
"12/27/15",1.48,7.986,"organic",2015,"Boston"
"1/3/16",1.26,7.629,"organic",2016,"Boston"
"1/10/16",1.32,7.752,"organic",2016,"Boston"
"1/17/16",1.13,9.327,"organic",2016,"Boston"
"1/24/16",1.46,8.85,"organic",2016,"Boston"
"1/31/16",1.52,8.222,"organic",2016,"Boston"
"2/7/16",1.62,9.462,"organic",2016,"Boston"
"2/14/16",1.59,9.527,"organic",2016,"Boston"
"2/21/16",1.52,9.394,"organic",2016,"Boston"
"2/28/16",1.64,11.259,"organic",2016,"Boston"
"3/6/16",1.7,10.2,"organic",2016,"Boston"
"3/13/16",1.59,10.556,"organic",2016,"Boston"
"3/20/16",1.59,11.666,"organic",2016,"Boston"
"3/27/16",1.59,13.143,"organic",2016,"Boston"
"4/3/16",1.73,12.763,"organic",2016,"Boston"
"4/10/16",1.68,14.564,"organic",2016,"Boston"
"4/17/16",1.59,12.779,"organic",2016,"Boston"
"4/24/16",1.73,18.657,"organic",2016,"Boston"
"5/1/16",1.79,18.537,"organic",2016,"Boston"
"5/8/16",1.58,15.59,"organic",2016,"Boston"
"5/15/16",1.58,14.776,"organic",2016,"Boston"
"5/22/16",1.57,18.031,"organic",2016,"Boston"
"5/29/16",1.59,12.652,"organic",2016,"Boston"
"6/5/16",1.49,12.723,"organic",2016,"Boston"
"6/12/16",1.37,10.051,"organic",2016,"Boston"
"6/19/16",1.53,11.59,"organic",2016,"Boston"
"6/26/16",1.6,12.443,"organic",2016,"Boston"
"7/3/16",1.61,14.71,"organic",2016,"Boston"
"7/10/16",1.59,12.513,"organic",2016,"Boston"
"7/17/16",1.77,14.777,"organic",2016,"Boston"
"7/24/16",1.49,9.838,"organic",2016,"Boston"
"7/31/16",1.14,7.313,"organic",2016,"Boston"
"8/7/16",1.31,9.58,"organic",2016,"Boston"
"8/14/16",1.23,7.118,"organic",2016,"Boston"
"8/21/16",1.28,11.414,"organic",2016,"Boston"
"8/28/16",1.36,8.395,"organic",2016,"Boston"
"9/4/16",1.73,14.518,"organic",2016,"Boston"
"9/11/16",1.84,16.981,"organic",2016,"Boston"
"9/18/16",1.86,18.372,"organic",2016,"Boston"
"9/25/16",1.72,13.905,"organic",2016,"Boston"
"10/2/16",1.63,11.208,"organic",2016,"Boston"
"10/9/16",1.57,10.418,"organic",2016,"Boston"
"10/16/16",1.43,8.76,"organic",2016,"Boston"
"10/23/16",1.32,8.154,"organic",2016,"Boston"
"10/30/16",1.49,8.408,"organic",2016,"Boston"
"11/6/16",1.72,9.755,"organic",2016,"Boston"
"11/13/16",1.59,9.661,"organic",2016,"Boston"
"11/20/16",1.8,11.288,"organic",2016,"Boston"
"11/27/16",1.94,9.786,"organic",2016,"Boston"
"12/4/16",2,13.906,"organic",2016,"Boston"
"12/11/16",1.88,13.715,"organic",2016,"Boston"
"12/18/16",2,11.811,"organic",2016,"Boston"
"12/25/16",1.98,11.553,"organic",2016,"Boston"
"1/1/17",2.06,13.438,"organic",2017,"Boston"
"1/8/17",1.95,17.555,"organic",2017,"Boston"
"1/15/17",1.88,17.012,"organic",2017,"Boston"
"1/22/17",1.93,15.417,"organic",2017,"Boston"
"1/29/17",1.9,15.271,"organic",2017,"Boston"
"2/5/17",1.63,22.249,"organic",2017,"Boston"
"2/12/17",1.95,17.727,"organic",2017,"Boston"
"2/19/17",2.06,16.177,"organic",2017,"Boston"
"2/26/17",2.01,14.572,"organic",2017,"Boston"
"3/5/17",1.72,19.27,"organic",2017,"Boston"
"3/12/17",2.09,18.295,"organic",2017,"Boston"
"3/19/17",2.06,18.135,"organic",2017,"Boston"
"3/26/17",2.02,17.308,"organic",2017,"Boston"
"4/2/17",2,16.321,"organic",2017,"Boston"
"4/9/17",2,17.033,"organic",2017,"Boston"
"4/16/17",2,17.641,"organic",2017,"Boston"
"4/23/17",1.88,17.773,"organic",2017,"Boston"
"4/30/17",2.02,17.864,"organic",2017,"Boston"
"5/7/17",1.98,21.056,"organic",2017,"Boston"
"5/14/17",1.99,21.115,"organic",2017,"Boston"
"5/21/17",1.92,22.166,"organic",2017,"Boston"
"5/28/17",2.04,20.86,"organic",2017,"Boston"
"6/4/17",2.04,22.925,"organic",2017,"Boston"
"6/11/17",2.07,20.438,"organic",2017,"Boston"
"6/18/17",2.12,23.278,"organic",2017,"Boston"
"6/25/17",2.13,22.051,"organic",2017,"Boston"
"7/2/17",2.13,19.687,"organic",2017,"Boston"
"7/9/17",2.17,20.153,"organic",2017,"Boston"
"7/16/17",1.61,25.501,"organic",2017,"Boston"
"7/23/17",1.59,28.957,"organic",2017,"Boston"
"7/30/17",1.61,23.891,"organic",2017,"Boston"
"8/6/17",1.61,22.038,"organic",2017,"Boston"
"8/13/17",1.77,18.947,"organic",2017,"Boston"
"8/20/17",1.72,22.955,"organic",2017,"Boston"
"8/27/17",1.75,22.339,"organic",2017,"Boston"
"9/3/17",1.76,22.577,"organic",2017,"Boston"
"9/10/17",1.74,25.48,"organic",2017,"Boston"
"9/17/17",1.56,31.066,"organic",2017,"Boston"
"9/24/17",1.56,31.133,"organic",2017,"Boston"
"10/1/17",1.61,26.719,"organic",2017,"Boston"
"10/8/17",1.56,30.044,"organic",2017,"Boston"
"10/15/17",1.6,37.877,"organic",2017,"Boston"
"10/22/17",1.58,34.913,"organic",2017,"Boston"
"10/29/17",1.83,34.011,"organic",2017,"Boston"
"11/5/17",1.95,28.627,"organic",2017,"Boston"
"11/12/17",1.87,26.148,"organic",2017,"Boston"
"11/19/17",1.81,26.15,"organic",2017,"Boston"
"11/26/17",1.81,21.588,"organic",2017,"Boston"
"12/3/17",1.88,21.338,"organic",2017,"Boston"
"12/10/17",1.74,26.315,"organic",2017,"Boston"
"12/17/17",1.82,24.905,"organic",2017,"Boston"
"12/24/17",1.83,25.639,"organic",2017,"Boston"
"12/31/17",1.86,25.275,"organic",2017,"Boston"
"1/7/18",1.91,30.096,"organic",2018,"Boston"
"1/14/18",1.73,29.468,"organic",2018,"Boston"
"1/21/18",1.82,26.705,"organic",2018,"Boston"
"1/28/18",1.72,30.846,"organic",2018,"Boston"
"2/4/18",1.83,28.934,"organic",2018,"Boston"
"2/11/18",1.85,24.728,"organic",2018,"Boston"
"2/18/18",1.83,27.961,"organic",2018,"Boston"
"2/25/18",1.79,31.567,"organic",2018,"Boston"
"3/4/18",1.92,23.891,"organic",2018,"Boston"
"3/11/18",1.85,30.477,"organic",2018,"Boston"
"3/18/18",1.83,34.81,"organic",2018,"Boston"
"3/25/18",1.74,38.441,"organic",2018,"Boston"
"1/4/15",0.94,461.607,"conventional",2015,"SanDiego"
"1/11/15",0.82,544.667,"conventional",2015,"SanDiego"
"1/18/15",1.01,461.064,"conventional",2015,"SanDiego"
"1/25/15",1.02,406.591,"conventional",2015,"SanDiego"
"2/1/15",0.85,692.276,"conventional",2015,"SanDiego"
"2/8/15",0.98,448.395,"conventional",2015,"SanDiego"
"2/15/15",0.94,486.114,"conventional",2015,"SanDiego"
"2/22/15",0.92,516.149,"conventional",2015,"SanDiego"
"3/1/15",0.83,572.552,"conventional",2015,"SanDiego"
"3/8/15",0.95,504.284,"conventional",2015,"SanDiego"
"3/15/15",1.06,463.106,"conventional",2015,"SanDiego"
"3/22/15",0.96,515.765,"conventional",2015,"SanDiego"
"3/29/15",1.08,450.371,"conventional",2015,"SanDiego"
"4/5/15",1.11,469.884,"conventional",2015,"SanDiego"
"4/12/15",1.01,515.247,"conventional",2015,"SanDiego"
"4/19/15",1.04,488.095,"conventional",2015,"SanDiego"
"4/26/15",1.11,435.99,"conventional",2015,"SanDiego"
"5/3/15",0.8,740.76,"conventional",2015,"SanDiego"
"5/10/15",0.85,594.74,"conventional",2015,"SanDiego"
"5/17/15",1.02,458.192,"conventional",2015,"SanDiego"
"5/24/15",1.08,477.416,"conventional",2015,"SanDiego"
"5/31/15",0.9,569.415,"conventional",2015,"SanDiego"
"6/7/15",0.89,607.468,"conventional",2015,"SanDiego"
"6/14/15",0.87,630.747,"conventional",2015,"SanDiego"
"6/21/15",0.94,594.488,"conventional",2015,"SanDiego"
"6/28/15",1.02,495.309,"conventional",2015,"SanDiego"
"7/5/15",1.05,587.741,"conventional",2015,"SanDiego"
"7/12/15",1.1,490.313,"conventional",2015,"SanDiego"
"7/19/15",1.15,462.526,"conventional",2015,"SanDiego"
"7/26/15",1.1,495.344,"conventional",2015,"SanDiego"
"8/2/15",1.07,500.999,"conventional",2015,"SanDiego"
"8/9/15",1.03,630.942,"conventional",2015,"SanDiego"
"8/16/15",1.05,514.203,"conventional",2015,"SanDiego"
"8/23/15",1.15,459.471,"conventional",2015,"SanDiego"
"8/30/15",1.04,490.269,"conventional",2015,"SanDiego"
"9/6/15",1.02,502.677,"conventional",2015,"SanDiego"
"9/13/15",1.08,464.305,"conventional",2015,"SanDiego"
"9/20/15",1.07,448.488,"conventional",2015,"SanDiego"
"9/27/15",0.93,491.991,"conventional",2015,"SanDiego"
"10/4/15",1.11,404.302,"conventional",2015,"SanDiego"
"10/11/15",0.93,492.277,"conventional",2015,"SanDiego"
"10/18/15",1.03,447.663,"conventional",2015,"SanDiego"
"10/25/15",1.08,408.336,"conventional",2015,"SanDiego"
"11/1/15",1.01,468.473,"conventional",2015,"SanDiego"
"11/8/15",0.92,492.385,"conventional",2015,"SanDiego"
"11/15/15",0.85,501.838,"conventional",2015,"SanDiego"
"11/22/15",0.98,385.301,"conventional",2015,"SanDiego"
"11/29/15",0.91,385.29,"conventional",2015,"SanDiego"
"12/6/15",0.67,565.517,"conventional",2015,"SanDiego"
"12/13/15",0.84,462.548,"conventional",2015,"SanDiego"
"12/20/15",0.94,420.476,"conventional",2015,"SanDiego"
"12/27/15",0.92,439.968,"conventional",2015,"SanDiego"
"1/3/16",0.65,719.75,"conventional",2016,"SanDiego"
"1/10/16",0.81,578.611,"conventional",2016,"SanDiego"
"1/17/16",0.79,561.713,"conventional",2016,"SanDiego"
"1/24/16",0.85,564.638,"conventional",2016,"SanDiego"
"1/31/16",0.72,643.327,"conventional",2016,"SanDiego"
"2/7/16",0.61,917.661,"conventional",2016,"SanDiego"
"2/14/16",0.79,595.415,"conventional",2016,"SanDiego"
"2/21/16",0.86,592.198,"conventional",2016,"SanDiego"
"2/28/16",0.8,585.694,"conventional",2016,"SanDiego"
"3/6/16",0.81,627.398,"conventional",2016,"SanDiego"
"3/13/16",0.84,567.953,"conventional",2016,"SanDiego"
"3/20/16",0.76,649.914,"conventional",2016,"SanDiego"
"3/27/16",0.8,615.581,"conventional",2016,"SanDiego"
"4/3/16",0.9,527.115,"conventional",2016,"SanDiego"
"4/10/16",0.84,589.695,"conventional",2016,"SanDiego"
"4/17/16",0.8,621.35,"conventional",2016,"SanDiego"
"4/24/16",0.73,623.487,"conventional",2016,"SanDiego"
"5/1/16",0.68,679.213,"conventional",2016,"SanDiego"
"5/8/16",0.78,649.503,"conventional",2016,"SanDiego"
"5/15/16",0.86,553.707,"conventional",2016,"SanDiego"
"5/22/16",0.78,569.349,"conventional",2016,"SanDiego"
"5/29/16",0.92,576.543,"conventional",2016,"SanDiego"
"6/5/16",0.83,661.16,"conventional",2016,"SanDiego"
"6/12/16",0.88,596.635,"conventional",2016,"SanDiego"
"6/19/16",0.98,573.831,"conventional",2016,"SanDiego"
"6/26/16",0.89,595.918,"conventional",2016,"SanDiego"
"7/3/16",1.04,613.006,"conventional",2016,"SanDiego"
"7/10/16",0.98,604.082,"conventional",2016,"SanDiego"
"7/17/16",1.12,519.568,"conventional",2016,"SanDiego"
"7/24/16",1.18,526.657,"conventional",2016,"SanDiego"
"7/31/16",1.16,522.679,"conventional",2016,"SanDiego"
"8/7/16",1.14,534.956,"conventional",2016,"SanDiego"
"8/14/16",1.19,499.056,"conventional",2016,"SanDiego"
"8/21/16",0.94,578.63,"conventional",2016,"SanDiego"
"8/28/16",0.9,620.041,"conventional",2016,"SanDiego"
"9/4/16",1.06,550.757,"conventional",2016,"SanDiego"
"9/11/16",1.08,498.556,"conventional",2016,"SanDiego"
"9/18/16",1.18,457.197,"conventional",2016,"SanDiego"
"9/25/16",1.05,566.09,"conventional",2016,"SanDiego"
"10/2/16",1.09,534.802,"conventional",2016,"SanDiego"
"10/9/16",1.25,473.047,"conventional",2016,"SanDiego"
"10/16/16",1.27,443.368,"conventional",2016,"SanDiego"
"10/23/16",1.32,366.027,"conventional",2016,"SanDiego"
"10/30/16",1.65,270.942,"conventional",2016,"SanDiego"
"11/6/16",1.68,292.3,"conventional",2016,"SanDiego"
"11/13/16",1.37,353.829,"conventional",2016,"SanDiego"
"11/20/16",1.25,369.682,"conventional",2016,"SanDiego"
"11/27/16",1.08,392.291,"conventional",2016,"SanDiego"
"12/4/16",0.85,499.144,"conventional",2016,"SanDiego"
"12/11/16",0.81,505.123,"conventional",2016,"SanDiego"
"12/18/16",0.9,437.171,"conventional",2016,"SanDiego"
"12/25/16",0.89,473.73,"conventional",2016,"SanDiego"
"1/1/17",0.93,560.31,"conventional",2017,"SanDiego"
"1/8/17",0.96,582.835,"conventional",2017,"SanDiego"
"1/15/17",0.87,580.191,"conventional",2017,"SanDiego"
"1/22/17",0.74,695.873,"conventional",2017,"SanDiego"
"1/29/17",0.65,776.31,"conventional",2017,"SanDiego"
"2/5/17",0.63,892.741,"conventional",2017,"SanDiego"
"2/12/17",0.7,645.131,"conventional",2017,"SanDiego"
"2/19/17",0.97,497.334,"conventional",2017,"SanDiego"
"2/26/17",0.88,572.076,"conventional",2017,"SanDiego"
"3/5/17",1.04,517.701,"conventional",2017,"SanDiego"
"3/12/17",1.24,445.311,"conventional",2017,"SanDiego"
"3/19/17",1.25,460.356,"conventional",2017,"SanDiego"
"3/26/17",1.28,430.468,"conventional",2017,"SanDiego"
"4/2/17",1.22,455.329,"conventional",2017,"SanDiego"
"4/9/17",1.22,461.063,"conventional",2017,"SanDiego"
"4/16/17",1.29,465.625,"conventional",2017,"SanDiego"
"4/23/17",1.18,500.368,"conventional",2017,"SanDiego"
"4/30/17",1.18,498.382,"conventional",2017,"SanDiego"
"5/7/17",1.05,613.047,"conventional",2017,"SanDiego"
"5/14/17",1.08,556.947,"conventional",2017,"SanDiego"
"5/21/17",1.27,481.522,"conventional",2017,"SanDiego"
"5/28/17",1.27,532.494,"conventional",2017,"SanDiego"
"6/4/17",1.13,559.985,"conventional",2017,"SanDiego"
"6/11/17",1.17,522.813,"conventional",2017,"SanDiego"
"6/18/17",1.1,591.732,"conventional",2017,"SanDiego"
"6/25/17",1.05,586.242,"conventional",2017,"SanDiego"
"7/2/17",1.23,584.481,"conventional",2017,"SanDiego"
"7/9/17",1.21,575.413,"conventional",2017,"SanDiego"
"7/16/17",1.48,449.544,"conventional",2017,"SanDiego"
"7/23/17",1.46,455.37,"conventional",2017,"SanDiego"
"7/30/17",1.48,444.014,"conventional",2017,"SanDiego"
"8/6/17",1.34,476.536,"conventional",2017,"SanDiego"
"8/13/17",1.24,499.111,"conventional",2017,"SanDiego"
"8/20/17",1.65,379.036,"conventional",2017,"SanDiego"
"8/27/17",1.79,356.448,"conventional",2017,"SanDiego"
"9/3/17",1.52,402.4,"conventional",2017,"SanDiego"
"9/10/17",1.71,351.223,"conventional",2017,"SanDiego"
"9/17/17",1.71,341.163,"conventional",2017,"SanDiego"
"9/24/17",1.74,330.96,"conventional",2017,"SanDiego"
"10/1/17",1.78,321.741,"conventional",2017,"SanDiego"
"10/8/17",1.83,314.829,"conventional",2017,"SanDiego"
"10/15/17",1.67,322.916,"conventional",2017,"SanDiego"
"10/22/17",1.57,343.882,"conventional",2017,"SanDiego"
"10/29/17",1,593.935,"conventional",2017,"SanDiego"
"11/5/17",1.04,493.426,"conventional",2017,"SanDiego"
"11/12/17",1.16,433.591,"conventional",2017,"SanDiego"
"11/19/17",1.25,409.476,"conventional",2017,"SanDiego"
"11/26/17",1.24,384.465,"conventional",2017,"SanDiego"
"12/3/17",1.08,479.566,"conventional",2017,"SanDiego"
"12/10/17",1.13,442.148,"conventional",2017,"SanDiego"
"12/17/17",0.73,719.091,"conventional",2017,"SanDiego"
"12/24/17",1.17,397.332,"conventional",2017,"SanDiego"
"12/31/17",0.98,619.7,"conventional",2017,"SanDiego"
"1/7/18",1.18,464.721,"conventional",2018,"SanDiego"
"1/14/18",1.41,439.652,"conventional",2018,"SanDiego"
"1/21/18",1.26,460.709,"conventional",2018,"SanDiego"
"1/28/18",1.07,566.135,"conventional",2018,"SanDiego"
"2/4/18",0.88,858.102,"conventional",2018,"SanDiego"
"2/11/18",0.93,558.926,"conventional",2018,"SanDiego"
"2/18/18",1.23,447.962,"conventional",2018,"SanDiego"
"2/25/18",1.07,538.361,"conventional",2018,"SanDiego"
"3/4/18",1.24,459.125,"conventional",2018,"SanDiego"
"3/11/18",1.14,512.155,"conventional",2018,"SanDiego"
"3/18/18",0.92,643.491,"conventional",2018,"SanDiego"
"3/25/18",1.1,488.322,"conventional",2018,"SanDiego"
"1/4/15",1.23,19.089,"organic",2015,"SanDiego"
"1/11/15",1.05,20.09,"organic",2015,"SanDiego"
"1/18/15",1.29,14.474,"organic",2015,"SanDiego"
"1/25/15",1.26,11.132,"organic",2015,"SanDiego"
"2/1/15",1.11,18.624,"organic",2015,"SanDiego"
"2/8/15",1.29,15.054,"organic",2015,"SanDiego"
"2/15/15",1.49,12.775,"organic",2015,"SanDiego"
"2/22/15",1.44,11.765,"organic",2015,"SanDiego"
"3/1/15",1.09,20.407,"organic",2015,"SanDiego"
"3/8/15",1.48,9.469,"organic",2015,"SanDiego"
"3/15/15",1.49,8.349,"organic",2015,"SanDiego"
"3/22/15",1.16,12.951,"organic",2015,"SanDiego"
"3/29/15",1.53,8.963,"organic",2015,"SanDiego"
"4/5/15",1.53,11.171,"organic",2015,"SanDiego"
"4/12/15",1.49,10.666,"organic",2015,"SanDiego"
"4/19/15",1.52,10.268,"organic",2015,"SanDiego"
"4/26/15",1.48,10.699,"organic",2015,"SanDiego"
"5/3/15",1.41,10.507,"organic",2015,"SanDiego"
"5/10/15",1.45,10.481,"organic",2015,"SanDiego"
"5/17/15",1.48,10.914,"organic",2015,"SanDiego"
"5/24/15",1.51,12.044,"organic",2015,"SanDiego"
"5/31/15",1.49,10.941,"organic",2015,"SanDiego"
"6/7/15",1.51,10.373,"organic",2015,"SanDiego"
"6/14/15",1.53,11.439,"organic",2015,"SanDiego"
"6/21/15",1.56,11.055,"organic",2015,"SanDiego"
"6/28/15",1.55,12.947,"organic",2015,"SanDiego"
"7/5/15",1.55,16.352,"organic",2015,"SanDiego"
"7/12/15",1.81,9.76,"organic",2015,"SanDiego"
"7/19/15",1.85,9.159,"organic",2015,"SanDiego"
"7/26/15",1.71,10.276,"organic",2015,"SanDiego"
"8/2/15",1.86,10.243,"organic",2015,"SanDiego"
"8/9/15",1.82,8.902,"organic",2015,"SanDiego"
"8/16/15",1.82,9.064,"organic",2015,"SanDiego"
"8/23/15",1.74,10.817,"organic",2015,"SanDiego"
"8/30/15",1.88,9.085,"organic",2015,"SanDiego"
"9/6/15",1.85,9.341,"organic",2015,"SanDiego"
"9/13/15",1.81,10.362,"organic",2015,"SanDiego"
"9/20/15",1.69,10.284,"organic",2015,"SanDiego"
"9/27/15",1.7,8.899,"organic",2015,"SanDiego"
"10/4/15",1.85,8.49,"organic",2015,"SanDiego"
"10/11/15",1.82,7.473,"organic",2015,"SanDiego"
"10/18/15",1.85,7.576,"organic",2015,"SanDiego"
"10/25/15",1.65,9.164,"organic",2015,"SanDiego"
"11/1/15",1.64,9.456,"organic",2015,"SanDiego"
"11/8/15",1.82,8.902,"organic",2015,"SanDiego"
"11/15/15",1.68,8.438,"organic",2015,"SanDiego"
"11/22/15",1.85,7.438,"organic",2015,"SanDiego"
"11/29/15",1.87,7.023,"organic",2015,"SanDiego"
"12/6/15",1.83,5.565,"organic",2015,"SanDiego"
"12/13/15",1.27,12.242,"organic",2015,"SanDiego"
"12/20/15",1.23,11.727,"organic",2015,"SanDiego"
"12/27/15",1.62,8.705,"organic",2015,"SanDiego"
"1/3/16",1.41,10.976,"organic",2016,"SanDiego"
"1/10/16",1.32,12.435,"organic",2016,"SanDiego"
"1/17/16",1.46,12.119,"organic",2016,"SanDiego"
"1/24/16",1.31,15.316,"organic",2016,"SanDiego"
"1/31/16",1.4,11.694,"organic",2016,"SanDiego"
"2/7/16",1.32,13.419,"organic",2016,"SanDiego"
"2/14/16",1.42,14.114,"organic",2016,"SanDiego"
"2/21/16",1.25,16.904,"organic",2016,"SanDiego"
"2/28/16",1.12,24.693,"organic",2016,"SanDiego"
"3/6/16",1.21,18.148,"organic",2016,"SanDiego"
"3/13/16",1.38,20.837,"organic",2016,"SanDiego"
"3/20/16",1.4,14.926,"organic",2016,"SanDiego"
"3/27/16",1.35,16.903,"organic",2016,"SanDiego"
"4/3/16",1.25,21.63,"organic",2016,"SanDiego"
"4/10/16",1.23,19.988,"organic",2016,"SanDiego"
"4/17/16",1.29,16.159,"organic",2016,"SanDiego"
"4/24/16",1.22,19.361,"organic",2016,"SanDiego"
"5/1/16",1.37,17.211,"organic",2016,"SanDiego"
"5/8/16",1.37,22.752,"organic",2016,"SanDiego"
"5/15/16",1.53,16.392,"organic",2016,"SanDiego"
"5/22/16",1.15,21.362,"organic",2016,"SanDiego"
"5/29/16",1.44,18.844,"organic",2016,"SanDiego"
"6/5/16",1.52,17.432,"organic",2016,"SanDiego"
"6/12/16",1.45,18.898,"organic",2016,"SanDiego"
"6/19/16",1.46,20.841,"organic",2016,"SanDiego"
"6/26/16",1.52,20.21,"organic",2016,"SanDiego"
"7/3/16",1.49,21.506,"organic",2016,"SanDiego"
"7/10/16",1.43,20.998,"organic",2016,"SanDiego"
"7/17/16",1.91,14.865,"organic",2016,"SanDiego"
"7/24/16",1.69,17.193,"organic",2016,"SanDiego"
"7/31/16",1.97,13.275,"organic",2016,"SanDiego"
"8/7/16",1.48,20.144,"organic",2016,"SanDiego"
"8/14/16",1.91,15.585,"organic",2016,"SanDiego"
"8/21/16",1.92,12.24,"organic",2016,"SanDiego"
"8/28/16",1.89,14.359,"organic",2016,"SanDiego"
"9/4/16",1.79,15.731,"organic",2016,"SanDiego"
"9/11/16",1.59,18.423,"organic",2016,"SanDiego"
"9/18/16",2.15,10.274,"organic",2016,"SanDiego"
"9/25/16",2.35,9.831,"organic",2016,"SanDiego"
"10/2/16",1.99,12.216,"organic",2016,"SanDiego"
"10/9/16",2.22,10.5,"organic",2016,"SanDiego"
"10/16/16",2.28,11.257,"organic",2016,"SanDiego"
"10/23/16",2.73,8.534,"organic",2016,"SanDiego"
"10/30/16",2.74,8.934,"organic",2016,"SanDiego"
"11/6/16",2.51,11.3,"organic",2016,"SanDiego"
"11/13/16",2.1,10.262,"organic",2016,"SanDiego"
"11/20/16",2.22,8.536,"organic",2016,"SanDiego"
"11/27/16",2.12,10.272,"organic",2016,"SanDiego"
"12/4/16",2.06,9.419,"organic",2016,"SanDiego"
"12/11/16",1.49,14.514,"organic",2016,"SanDiego"
"12/18/16",1.63,12.212,"organic",2016,"SanDiego"
"12/25/16",1.43,12.023,"organic",2016,"SanDiego"
"1/1/17",1.45,15.752,"organic",2017,"SanDiego"
"1/8/17",1.52,16.776,"organic",2017,"SanDiego"
"1/15/17",1.82,11.578,"organic",2017,"SanDiego"
"1/22/17",1.73,10.843,"organic",2017,"SanDiego"
"1/29/17",1.21,18.191,"organic",2017,"SanDiego"
"2/5/17",1.55,14.096,"organic",2017,"SanDiego"
"2/12/17",1.66,9.083,"organic",2017,"SanDiego"
"2/19/17",1.4,19.782,"organic",2017,"SanDiego"
"2/26/17",1.42,20.055,"organic",2017,"SanDiego"
"3/5/17",1.42,20.616,"organic",2017,"SanDiego"
"3/12/17",1.72,17.226,"organic",2017,"SanDiego"
"3/19/17",1.59,22.17,"organic",2017,"SanDiego"
"3/26/17",2.06,14.388,"organic",2017,"SanDiego"
"4/2/17",1.88,16.174,"organic",2017,"SanDiego"
"4/9/17",1.94,13.787,"organic",2017,"SanDiego"
"4/16/17",2.08,14.043,"organic",2017,"SanDiego"
"4/23/17",1.97,14.541,"organic",2017,"SanDiego"
"4/30/17",1.83,17.826,"organic",2017,"SanDiego"
"5/7/17",1.72,21.798,"organic",2017,"SanDiego"
"5/14/17",2.22,12.594,"organic",2017,"SanDiego"
"5/21/17",2.05,15.451,"organic",2017,"SanDiego"
"5/28/17",1.91,17.422,"organic",2017,"SanDiego"
"6/4/17",1.71,18.703,"organic",2017,"SanDiego"
"6/11/17",2.06,12.55,"organic",2017,"SanDiego"
"6/18/17",1.8,16.862,"organic",2017,"SanDiego"
"6/25/17",1.73,17.744,"organic",2017,"SanDiego"
"7/2/17",2,19.914,"organic",2017,"SanDiego"
"7/9/17",1.91,19.248,"organic",2017,"SanDiego"
"7/16/17",2.3,14.06,"organic",2017,"SanDiego"
"7/23/17",2.31,13.63,"organic",2017,"SanDiego"
"7/30/17",2.37,12.595,"organic",2017,"SanDiego"
"8/6/17",2.37,12.982,"organic",2017,"SanDiego"
"8/13/17",2.32,12.511,"organic",2017,"SanDiego"
"8/20/17",2.42,14.114,"organic",2017,"SanDiego"
"8/27/17",2.57,11.138,"organic",2017,"SanDiego"
"9/3/17",2.01,15.165,"organic",2017,"SanDiego"
"9/10/17",2.37,12.771,"organic",2017,"SanDiego"
"9/17/17",2.39,12.674,"organic",2017,"SanDiego"
"9/24/17",2.23,14.174,"organic",2017,"SanDiego"
"10/1/17",2.27,13.509,"organic",2017,"SanDiego"
"10/8/17",2.33,13.014,"organic",2017,"SanDiego"
"10/15/17",2.25,11.472,"organic",2017,"SanDiego"
"10/22/17",2.15,13.012,"organic",2017,"SanDiego"
"10/29/17",2.13,12.179,"organic",2017,"SanDiego"
"11/5/17",1.6,16.452,"organic",2017,"SanDiego"
"11/12/17",2.13,11.498,"organic",2017,"SanDiego"
"11/19/17",2.17,12.349,"organic",2017,"SanDiego"
"11/26/17",2.17,11.56,"organic",2017,"SanDiego"
"12/3/17",1.79,13.477,"organic",2017,"SanDiego"
"12/10/17",2.05,13.284,"organic",2017,"SanDiego"
"12/17/17",1.54,14.047,"organic",2017,"SanDiego"
"12/24/17",1.82,15.277,"organic",2017,"SanDiego"
"12/31/17",2,14.151,"organic",2017,"SanDiego"
"1/7/18",2.06,16.747,"organic",2018,"SanDiego"
"1/14/18",1.81,21.77,"organic",2018,"SanDiego"
"1/21/18",1.95,18.676,"organic",2018,"SanDiego"
"1/28/18",1.91,17.579,"organic",2018,"SanDiego"
"2/4/18",1.81,17.455,"organic",2018,"SanDiego"
"2/11/18",1.88,18.518,"organic",2018,"SanDiego"
"2/18/18",2.05,17.876,"organic",2018,"SanDiego"
"2/25/18",1.83,20.172,"organic",2018,"SanDiego"
"3/4/18",1.65,24.615,"organic",2018,"SanDiego"
"3/11/18",1.59,25.324,"organic",2018,"SanDiego"
"3/18/18",1.75,18.371,"organic",2018,"SanDiego"
"3/25/18",1.75,19.087,"organic",2018,"SanDiego"
